<?xml version="1.0" encoding="UTF-8"?>
<GenRun Id="synth_1" LaunchPart="xc7z020clg400-1" LaunchTime="1713821217">
  <File Type="PA-TCL" Name="DMA_block_wrapper.tcl"/>
  <File Type="REPORTS-TCL" Name="DMA_block_wrapper_reports.tcl"/>
  <File Type="RDS-RDS" Name="DMA_block_wrapper.vds"/>
  <File Type="RDS-UTIL" Name="DMA_block_wrapper_utilization_synth.rpt"/>
  <File Type="RDS-UTIL-PB" Name="DMA_block_wrapper_utilization_synth.pb"/>
  <File Type="RDS-DCP" Name="DMA_block_wrapper.dcp"/>
  <FileSet Name="sources" Type="DesignSrcs" RelSrcDir="$PSRCDIR/sources_1">
    <Filter Type="Srcs"/>
    <File Path="$PSRCDIR/sources_1/bd/DMA_block/DMA_block.bd">
      <FileInfo>
        <Attr Name="ImportPath" Val="$PPRDIR/../../../../../../../../../../../../../../../../../../../../../../../../../../../../../../../Lab_5/Lab_5.srcs/sources_1/bd/DMA_block/DMA_block.bd"/>
        <Attr Name="ImportTime" Val="1709171565"/>
        <Attr Name="UsedIn" Val="synthesis"/>
        <Attr Name="UsedIn" Val="implementation"/>
        <Attr Name="UsedIn" Val="simulation"/>
      </FileInfo>
    </File>
    <File Path="$PSRCDIR/sources_1/bd/DMA_block/hdl/DMA_block_wrapper.vhd">
      <FileInfo>
        <Attr Name="ImportPath" Val="$PPRDIR/../../../../../../../../../../../../../../../../../../../../../../../../../../../../../../../Lab_5/Lab_5.srcs/sources_1/bd/DMA_block/hdl/DMA_block_wrapper.vhd"/>
        <Attr Name="ImportTime" Val="1709171565"/>
        <Attr Name="UsedIn" Val="synthesis"/>
        <Attr Name="UsedIn" Val="simulation"/>
      </FileInfo>
    </File>
    <File Path="$PSRCDIR/sources_1/imports/Lab_5/archive_project_summary.txt">
      <FileInfo>
        <Attr Name="ImportPath" Val="$PPRDIR/../../../../../../../../../../../../../../../../../../Downloads/Lab_5/archive_project_summary.txt"/>
        <Attr Name="ImportTime" Val="1712888516"/>
      </FileInfo>
    </File>
    <File Path="$PSRCDIR/sources_1/imports/final_project/archive_project_summary.txt">
      <FileInfo>
        <Attr Name="ImportPath" Val="$PPRDIR/../../../../archive_project_summary.txt"/>
        <Attr Name="ImportTime" Val="1713816387"/>
      </FileInfo>
    </File>
    <Config>
      <Option Name="DesignMode" Val="RTL"/>
      <Option Name="TopModule" Val="DMA_block_wrapper"/>
      <Option Name="TopAutoSet" Val="TRUE"/>
    </Config>
  </FileSet>
  <FileSet Name="constrs_in" Type="Constrs" RelSrcDir="$PSRCDIR/constrs_1">
    <Filter Type="Constrs"/>
    <Config>
      <Option Name="ConstrsType" Val="XDC"/>
    </Config>
  </FileSet>
  <FileSet Name="utils" Type="Utils" RelSrcDir="$PSRCDIR/utils_1">
    <Filter Type="Utils"/>
    <Config>
      <Option Name="TopAutoSet" Val="TRUE"/>
    </Config>
  </FileSet>
  <Strategy Version="1" Minor="2">
    <StratHandle Name="Vivado Synthesis Defaults" Flow="Vivado Synthesis 2018"/>
    <Step Id="synth_design"/>
  </Strategy>
  <BlockFileSet Type="BlockSrcs" Name="DMA_block_processing_system7_0_0"/>
  <BlockFileSet Type="BlockSrcs" Name="DMA_block_axi_smc_2_1"/>
  <BlockFileSet Type="BlockSrcs" Name="DMA_block_sobel_y_0_0"/>
  <BlockFileSet Type="BlockSrcs" Name="DMA_block_axi_dma_0_1"/>
  <BlockFileSet Type="BlockSrcs" Name="DMA_block_mynewfilter_0_0"/>
  <BlockFileSet Type="BlockSrcs" Name="DMA_block_axi_dma_0_2"/>
</GenRun>
