<?xml version="1.0" encoding="UTF-8"?>
<GenRun Id="impl_1" LaunchPart="xc7z020clg400-1" LaunchTime="1713821217">
  <File Type="ROUTE-PWR" Name="DMA_block_wrapper_power_routed.rpt"/>
  <File Type="PA-TCL" Name="DMA_block_wrapper.tcl"/>
  <File Type="BITSTR-BMM" Name="DMA_block_wrapper_bd.bmm"/>
  <File Type="ROUTE-PWR-SUM" Name="DMA_block_wrapper_power_summary_routed.pb"/>
  <File Type="REPORTS-TCL" Name="DMA_block_wrapper_reports.tcl"/>
  <File Type="OPT-DCP" Name="DMA_block_wrapper_opt.dcp"/>
  <File Type="OPT-DRC" Name="DMA_block_wrapper_drc_opted.rpt"/>
  <File Type="OPT-HWDEF" Name="DMA_block_wrapper.hwdef"/>
  <File Type="PWROPT-DCP" Name="DMA_block_wrapper_pwropt.dcp"/>
  <File Type="PLACE-DCP" Name="DMA_block_wrapper_placed.dcp"/>
  <File Type="PLACE-IO" Name="DMA_block_wrapper_io_placed.rpt"/>
  <File Type="PLACE-UTIL" Name="DMA_block_wrapper_utilization_placed.rpt"/>
  <File Type="PLACE-UTIL-PB" Name="DMA_block_wrapper_utilization_placed.pb"/>
  <File Type="PLACE-CTRL" Name="DMA_block_wrapper_control_sets_placed.rpt"/>
  <File Type="PLACE-PRE-SIMILARITY" Name="DMA_block_wrapper_incremental_reuse_pre_placed.rpt"/>
  <File Type="BG-BGN" Name="DMA_block_wrapper.bgn"/>
  <File Type="POSTPLACE-PWROPT-DCP" Name="DMA_block_wrapper_postplace_pwropt.dcp"/>
  <File Type="BG-BIN" Name="DMA_block_wrapper.bin"/>
  <File Type="PHYSOPT-DCP" Name="DMA_block_wrapper_physopt.dcp"/>
  <File Type="BITSTR-MSK" Name="DMA_block_wrapper.msk"/>
  <File Type="ROUTE-ERROR-DCP" Name="DMA_block_wrapper_routed_error.dcp"/>
  <File Type="ROUTE-DCP" Name="DMA_block_wrapper_routed.dcp"/>
  <File Type="ROUTE-BLACKBOX-DCP" Name="DMA_block_wrapper_routed_bb.dcp"/>
  <File Type="ROUTE-DRC" Name="DMA_block_wrapper_drc_routed.rpt"/>
  <File Type="ROUTE-DRC-PB" Name="DMA_block_wrapper_drc_routed.pb"/>
  <File Type="ROUTE-DRC-RPX" Name="DMA_block_wrapper_drc_routed.rpx"/>
  <File Type="BITSTR-LTX" Name="DMA_block_wrapper.ltx"/>
  <File Type="ROUTE-METHODOLOGY-DRC" Name="DMA_block_wrapper_methodology_drc_routed.rpt"/>
  <File Type="BITSTR-MMI" Name="DMA_block_wrapper.mmi"/>
  <File Type="ROUTE-METHODOLOGY-DRC-RPX" Name="DMA_block_wrapper_methodology_drc_routed.rpx"/>
  <File Type="ROUTE-METHODOLOGY-DRC-PB" Name="DMA_block_wrapper_methodology_drc_routed.pb"/>
  <File Type="BITSTR-SYSDEF" Name="DMA_block_wrapper.sysdef"/>
  <File Type="ROUTE-PWR-RPX" Name="DMA_block_wrapper_power_routed.rpx"/>
  <File Type="ROUTE-STATUS" Name="DMA_block_wrapper_route_status.rpt"/>
  <File Type="ROUTE-STATUS-PB" Name="DMA_block_wrapper_route_status.pb"/>
  <File Type="ROUTE-TIMINGSUMMARY" Name="DMA_block_wrapper_timing_summary_routed.rpt"/>
  <File Type="ROUTE-TIMING-PB" Name="DMA_block_wrapper_timing_summary_routed.pb"/>
  <File Type="ROUTE-TIMING-RPX" Name="DMA_block_wrapper_timing_summary_routed.rpx"/>
  <File Type="ROUTE-CLK" Name="DMA_block_wrapper_clock_utilization_routed.rpt"/>
  <File Type="ROUTE-BUS-SKEW" Name="DMA_block_wrapper_bus_skew_routed.rpt"/>
  <File Type="ROUTE-BUS-SKEW-PB" Name="DMA_block_wrapper_bus_skew_routed.pb"/>
  <File Type="ROUTE-BUS-SKEW-RPX" Name="DMA_block_wrapper_bus_skew_routed.rpx"/>
  <File Type="POSTROUTE-PHYSOPT-DCP" Name="DMA_block_wrapper_postroute_physopt.dcp"/>
  <File Type="POSTROUTE-PHYSOPT-BLACKBOX-DCP" Name="DMA_block_wrapper_postroute_physopt_bb.dcp"/>
  <File Type="BG-BIT" Name="DMA_block_wrapper.bit"/>
  <File Type="BITSTR-RBT" Name="DMA_block_wrapper.rbt"/>
  <File Type="BITSTR-NKY" Name="DMA_block_wrapper.nky"/>
  <File Type="BG-DRC" Name="DMA_block_wrapper.drc"/>
  <File Type="RDI-RDI" Name="DMA_block_wrapper.vdi"/>
  <File Type="WBT-USG" Name="usage_statistics_webtalk.html"/>
  <FileSet Name="sources" Type="DesignSrcs" RelSrcDir="$PSRCDIR/sources_1">
    <Filter Type="Srcs"/>
    <File Path="$PSRCDIR/sources_1/bd/DMA_block/DMA_block.bd">
      <FileInfo>
        <Attr Name="ImportPath" Val="$PPRDIR/../../../../../../../../../../../../../../../../../../../../../../../../../../../../../../../Lab_5/Lab_5.srcs/sources_1/bd/DMA_block/DMA_block.bd"/>
        <Attr Name="ImportTime" Val="1709171565"/>
        <Attr Name="UsedIn" Val="synthesis"/>
        <Attr Name="UsedIn" Val="implementation"/>
        <Attr Name="UsedIn" Val="simulation"/>
      </FileInfo>
    </File>
    <File Path="$PSRCDIR/sources_1/bd/DMA_block/hdl/DMA_block_wrapper.vhd">
      <FileInfo>
        <Attr Name="ImportPath" Val="$PPRDIR/../../../../../../../../../../../../../../../../../../../../../../../../../../../../../../../Lab_5/Lab_5.srcs/sources_1/bd/DMA_block/hdl/DMA_block_wrapper.vhd"/>
        <Attr Name="ImportTime" Val="1709171565"/>
        <Attr Name="UsedIn" Val="synthesis"/>
        <Attr Name="UsedIn" Val="simulation"/>
      </FileInfo>
    </File>
    <File Path="$PSRCDIR/sources_1/imports/Lab_5/archive_project_summary.txt">
      <FileInfo>
        <Attr Name="ImportPath" Val="$PPRDIR/../../../../../../../../../../../../../../../../../../Downloads/Lab_5/archive_project_summary.txt"/>
        <Attr Name="ImportTime" Val="1712888516"/>
      </FileInfo>
    </File>
    <File Path="$PSRCDIR/sources_1/imports/final_project/archive_project_summary.txt">
      <FileInfo>
        <Attr Name="ImportPath" Val="$PPRDIR/../../../../archive_project_summary.txt"/>
        <Attr Name="ImportTime" Val="1713816387"/>
      </FileInfo>
    </File>
    <Config>
      <Option Name="DesignMode" Val="RTL"/>
      <Option Name="TopModule" Val="DMA_block_wrapper"/>
      <Option Name="TopAutoSet" Val="TRUE"/>
    </Config>
  </FileSet>
  <FileSet Name="constrs_in" Type="Constrs" RelSrcDir="$PSRCDIR/constrs_1">
    <Filter Type="Constrs"/>
    <Config>
      <Option Name="ConstrsType" Val="XDC"/>
    </Config>
  </FileSet>
  <FileSet Name="utils" Type="Utils" RelSrcDir="$PSRCDIR/utils_1">
    <Filter Type="Utils"/>
    <Config>
      <Option Name="TopAutoSet" Val="TRUE"/>
    </Config>
  </FileSet>
  <Strategy Version="1" Minor="2">
    <StratHandle Name="Vivado Implementation Defaults" Flow="Vivado Implementation 2018"/>
    <Step Id="init_design"/>
    <Step Id="opt_design"/>
    <Step Id="power_opt_design"/>
    <Step Id="place_design"/>
    <Step Id="post_place_power_opt_design"/>
    <Step Id="phys_opt_design"/>
    <Step Id="route_design"/>
    <Step Id="post_route_phys_opt_design"/>
    <Step Id="write_bitstream"/>
  </Strategy>
  <BlockFileSet Type="BlockSrcs" Name="DMA_block_processing_system7_0_0"/>
  <BlockFileSet Type="BlockSrcs" Name="DMA_block_axi_smc_2_1"/>
  <BlockFileSet Type="BlockSrcs" Name="DMA_block_sobel_y_0_0"/>
  <BlockFileSet Type="BlockSrcs" Name="DMA_block_axi_dma_0_1"/>
  <BlockFileSet Type="BlockSrcs" Name="DMA_block_mynewfilter_0_0"/>
  <BlockFileSet Type="BlockSrcs" Name="DMA_block_axi_dma_0_2"/>
</GenRun>
