<?xml version="1.0" encoding="UTF-8"?>
<spirit:component xmlns:xilinx="http://www.xilinx.com" xmlns:spirit="http://www.spiritconsortium.org/XMLSchema/SPIRIT/1685-2009" xmlns:xsi="http://www.w3.org/2001/XMLSchema-instance">
  <spirit:vendor>iu.edu</spirit:vendor>
  <spirit:library>user</spirit:library>
  <spirit:name>mynewfilter</spirit:name>
  <spirit:version>1.0</spirit:version>
  <spirit:busInterfaces>
    <spirit:busInterface>
      <spirit:name>S00_AXIS</spirit:name>
      <spirit:busType spirit:vendor="xilinx.com" spirit:library="interface" spirit:name="axis" spirit:version="1.0"/>
      <spirit:abstractionType spirit:vendor="xilinx.com" spirit:library="interface" spirit:name="axis_rtl" spirit:version="1.0"/>
      <spirit:slave/>
      <spirit:portMaps>
        <spirit:portMap>
          <spirit:logicalPort>
            <spirit:name>TDATA</spirit:name>
          </spirit:logicalPort>
          <spirit:physicalPort>
            <spirit:name>s00_axis_tdata</spirit:name>
          </spirit:physicalPort>
        </spirit:portMap>
        <spirit:portMap>
          <spirit:logicalPort>
            <spirit:name>TSTRB</spirit:name>
          </spirit:logicalPort>
          <spirit:physicalPort>
            <spirit:name>s00_axis_tstrb</spirit:name>
          </spirit:physicalPort>
        </spirit:portMap>
        <spirit:portMap>
          <spirit:logicalPort>
            <spirit:name>TLAST</spirit:name>
          </spirit:logicalPort>
          <spirit:physicalPort>
            <spirit:name>s00_axis_tlast</spirit:name>
          </spirit:physicalPort>
        </spirit:portMap>
        <spirit:portMap>
          <spirit:logicalPort>
            <spirit:name>TVALID</spirit:name>
          </spirit:logicalPort>
          <spirit:physicalPort>
            <spirit:name>s00_axis_tvalid</spirit:name>
          </spirit:physicalPort>
        </spirit:portMap>
        <spirit:portMap>
          <spirit:logicalPort>
            <spirit:name>TREADY</spirit:name>
          </spirit:logicalPort>
          <spirit:physicalPort>
            <spirit:name>s00_axis_tready</spirit:name>
          </spirit:physicalPort>
        </spirit:portMap>
      </spirit:portMaps>
      <spirit:parameters>
        <spirit:parameter>
          <spirit:name>WIZ_DATA_WIDTH</spirit:name>
          <spirit:value spirit:format="long" spirit:id="BUSIFPARAM_VALUE.S00_AXIS.WIZ_DATA_WIDTH" spirit:choiceRef="choice_list_6fc15197">32</spirit:value>
        </spirit:parameter>
      </spirit:parameters>
    </spirit:busInterface>
    <spirit:busInterface>
      <spirit:name>M00_AXIS</spirit:name>
      <spirit:busType spirit:vendor="xilinx.com" spirit:library="interface" spirit:name="axis" spirit:version="1.0"/>
      <spirit:abstractionType spirit:vendor="xilinx.com" spirit:library="interface" spirit:name="axis_rtl" spirit:version="1.0"/>
      <spirit:master/>
      <spirit:portMaps>
        <spirit:portMap>
          <spirit:logicalPort>
            <spirit:name>TDATA</spirit:name>
          </spirit:logicalPort>
          <spirit:physicalPort>
            <spirit:name>m00_axis_tdata</spirit:name>
          </spirit:physicalPort>
        </spirit:portMap>
        <spirit:portMap>
          <spirit:logicalPort>
            <spirit:name>TSTRB</spirit:name>
          </spirit:logicalPort>
          <spirit:physicalPort>
            <spirit:name>m00_axis_tstrb</spirit:name>
          </spirit:physicalPort>
        </spirit:portMap>
        <spirit:portMap>
          <spirit:logicalPort>
            <spirit:name>TLAST</spirit:name>
          </spirit:logicalPort>
          <spirit:physicalPort>
            <spirit:name>m00_axis_tlast</spirit:name>
          </spirit:physicalPort>
        </spirit:portMap>
        <spirit:portMap>
          <spirit:logicalPort>
            <spirit:name>TVALID</spirit:name>
          </spirit:logicalPort>
          <spirit:physicalPort>
            <spirit:name>m00_axis_tvalid</spirit:name>
          </spirit:physicalPort>
        </spirit:portMap>
        <spirit:portMap>
          <spirit:logicalPort>
            <spirit:name>TREADY</spirit:name>
          </spirit:logicalPort>
          <spirit:physicalPort>
            <spirit:name>m00_axis_tready</spirit:name>
          </spirit:physicalPort>
        </spirit:portMap>
      </spirit:portMaps>
      <spirit:parameters>
        <spirit:parameter>
          <spirit:name>WIZ_DATA_WIDTH</spirit:name>
          <spirit:value spirit:format="long" spirit:id="BUSIFPARAM_VALUE.M00_AXIS.WIZ_DATA_WIDTH" spirit:choiceRef="choice_list_6fc15197">32</spirit:value>
        </spirit:parameter>
      </spirit:parameters>
    </spirit:busInterface>
    <spirit:busInterface>
      <spirit:name>M00_AXIS_RST</spirit:name>
      <spirit:busType spirit:vendor="xilinx.com" spirit:library="signal" spirit:name="reset" spirit:version="1.0"/>
      <spirit:abstractionType spirit:vendor="xilinx.com" spirit:library="signal" spirit:name="reset_rtl" spirit:version="1.0"/>
      <spirit:slave/>
      <spirit:portMaps>
        <spirit:portMap>
          <spirit:logicalPort>
            <spirit:name>RST</spirit:name>
          </spirit:logicalPort>
          <spirit:physicalPort>
            <spirit:name>m00_axis_aresetn</spirit:name>
          </spirit:physicalPort>
        </spirit:portMap>
      </spirit:portMaps>
      <spirit:parameters>
        <spirit:parameter>
          <spirit:name>POLARITY</spirit:name>
          <spirit:value spirit:id="BUSIFPARAM_VALUE.M00_AXIS_RST.POLARITY" spirit:choiceRef="choice_list_9d8b0d81">ACTIVE_LOW</spirit:value>
        </spirit:parameter>
      </spirit:parameters>
    </spirit:busInterface>
    <spirit:busInterface>
      <spirit:name>M00_AXIS_CLK</spirit:name>
      <spirit:busType spirit:vendor="xilinx.com" spirit:library="signal" spirit:name="clock" spirit:version="1.0"/>
      <spirit:abstractionType spirit:vendor="xilinx.com" spirit:library="signal" spirit:name="clock_rtl" spirit:version="1.0"/>
      <spirit:slave/>
      <spirit:portMaps>
        <spirit:portMap>
          <spirit:logicalPort>
            <spirit:name>CLK</spirit:name>
          </spirit:logicalPort>
          <spirit:physicalPort>
            <spirit:name>m00_axis_aclk</spirit:name>
          </spirit:physicalPort>
        </spirit:portMap>
      </spirit:portMaps>
      <spirit:parameters>
        <spirit:parameter>
          <spirit:name>ASSOCIATED_BUSIF</spirit:name>
          <spirit:value spirit:id="BUSIFPARAM_VALUE.M00_AXIS_CLK.ASSOCIATED_BUSIF">M00_AXIS</spirit:value>
        </spirit:parameter>
        <spirit:parameter>
          <spirit:name>ASSOCIATED_RESET</spirit:name>
          <spirit:value spirit:id="BUSIFPARAM_VALUE.M00_AXIS_CLK.ASSOCIATED_RESET">m00_axis_aresetn</spirit:value>
        </spirit:parameter>
      </spirit:parameters>
    </spirit:busInterface>
    <spirit:busInterface>
      <spirit:name>S00_AXIS_RST</spirit:name>
      <spirit:busType spirit:vendor="xilinx.com" spirit:library="signal" spirit:name="reset" spirit:version="1.0"/>
      <spirit:abstractionType spirit:vendor="xilinx.com" spirit:library="signal" spirit:name="reset_rtl" spirit:version="1.0"/>
      <spirit:slave/>
      <spirit:portMaps>
        <spirit:portMap>
          <spirit:logicalPort>
            <spirit:name>RST</spirit:name>
          </spirit:logicalPort>
          <spirit:physicalPort>
            <spirit:name>s00_axis_aresetn</spirit:name>
          </spirit:physicalPort>
        </spirit:portMap>
      </spirit:portMaps>
      <spirit:parameters>
        <spirit:parameter>
          <spirit:name>POLARITY</spirit:name>
          <spirit:value spirit:id="BUSIFPARAM_VALUE.S00_AXIS_RST.POLARITY" spirit:choiceRef="choice_list_9d8b0d81">ACTIVE_LOW</spirit:value>
        </spirit:parameter>
      </spirit:parameters>
    </spirit:busInterface>
    <spirit:busInterface>
      <spirit:name>S00_AXIS_CLK</spirit:name>
      <spirit:busType spirit:vendor="xilinx.com" spirit:library="signal" spirit:name="clock" spirit:version="1.0"/>
      <spirit:abstractionType spirit:vendor="xilinx.com" spirit:library="signal" spirit:name="clock_rtl" spirit:version="1.0"/>
      <spirit:slave/>
      <spirit:portMaps>
        <spirit:portMap>
          <spirit:logicalPort>
            <spirit:name>CLK</spirit:name>
          </spirit:logicalPort>
          <spirit:physicalPort>
            <spirit:name>s00_axis_aclk</spirit:name>
          </spirit:physicalPort>
        </spirit:portMap>
      </spirit:portMaps>
      <spirit:parameters>
        <spirit:parameter>
          <spirit:name>ASSOCIATED_BUSIF</spirit:name>
          <spirit:value spirit:id="BUSIFPARAM_VALUE.S00_AXIS_CLK.ASSOCIATED_BUSIF">S00_AXIS</spirit:value>
        </spirit:parameter>
        <spirit:parameter>
          <spirit:name>ASSOCIATED_RESET</spirit:name>
          <spirit:value spirit:id="BUSIFPARAM_VALUE.S00_AXIS_CLK.ASSOCIATED_RESET">s00_axis_aresetn</spirit:value>
        </spirit:parameter>
      </spirit:parameters>
    </spirit:busInterface>
  </spirit:busInterfaces>
  <spirit:model>
    <spirit:views>
      <spirit:view>
        <spirit:name>xilinx_vhdlsynthesis</spirit:name>
        <spirit:displayName>VHDL Synthesis</spirit:displayName>
        <spirit:envIdentifier>vhdlSource:vivado.xilinx.com:synthesis</spirit:envIdentifier>
        <spirit:language>vhdl</spirit:language>
        <spirit:modelName>mynewFilter_v1_0</spirit:modelName>
        <spirit:fileSetRef>
          <spirit:localName>xilinx_vhdlsynthesis_view_fileset</spirit:localName>
        </spirit:fileSetRef>
        <spirit:parameters>
          <spirit:parameter>
            <spirit:name>viewChecksum</spirit:name>
            <spirit:value>c97a28b6</spirit:value>
          </spirit:parameter>
        </spirit:parameters>
      </spirit:view>
      <spirit:view>
        <spirit:name>xilinx_vhdlbehavioralsimulation</spirit:name>
        <spirit:displayName>VHDL Simulation</spirit:displayName>
        <spirit:envIdentifier>vhdlSource:vivado.xilinx.com:simulation</spirit:envIdentifier>
        <spirit:language>vhdl</spirit:language>
        <spirit:modelName>mynewFilter_v1_0</spirit:modelName>
        <spirit:fileSetRef>
          <spirit:localName>xilinx_vhdlbehavioralsimulation_view_fileset</spirit:localName>
        </spirit:fileSetRef>
        <spirit:parameters>
          <spirit:parameter>
            <spirit:name>viewChecksum</spirit:name>
            <spirit:value>c97a28b6</spirit:value>
          </spirit:parameter>
        </spirit:parameters>
      </spirit:view>
      <spirit:view>
        <spirit:name>xilinx_xpgui</spirit:name>
        <spirit:displayName>UI Layout</spirit:displayName>
        <spirit:envIdentifier>:vivado.xilinx.com:xgui.ui</spirit:envIdentifier>
        <spirit:fileSetRef>
          <spirit:localName>xilinx_xpgui_view_fileset</spirit:localName>
        </spirit:fileSetRef>
        <spirit:parameters>
          <spirit:parameter>
            <spirit:name>viewChecksum</spirit:name>
            <spirit:value>9cb1b80f</spirit:value>
          </spirit:parameter>
        </spirit:parameters>
      </spirit:view>
      <spirit:view>
        <spirit:name>bd_tcl</spirit:name>
        <spirit:displayName>Block Diagram</spirit:displayName>
        <spirit:envIdentifier>:vivado.xilinx.com:block.diagram</spirit:envIdentifier>
        <spirit:fileSetRef>
          <spirit:localName>bd_tcl_view_fileset</spirit:localName>
        </spirit:fileSetRef>
        <spirit:parameters>
          <spirit:parameter>
            <spirit:name>viewChecksum</spirit:name>
            <spirit:value>16328387</spirit:value>
          </spirit:parameter>
        </spirit:parameters>
      </spirit:view>
    </spirit:views>
    <spirit:ports>
      <spirit:port>
        <spirit:name>m00_axis_tdata</spirit:name>
        <spirit:wire>
          <spirit:direction>out</spirit:direction>
          <spirit:vector>
            <spirit:left spirit:format="long" spirit:resolve="dependent" spirit:dependency="(spirit:decode(id(&apos;MODELPARAM_VALUE.C_M00_AXIS_TDATA_WIDTH&apos;)) - 1)">31</spirit:left>
            <spirit:right spirit:format="long">0</spirit:right>
          </spirit:vector>
          <spirit:wireTypeDefs>
            <spirit:wireTypeDef>
              <spirit:typeName>std_logic_vector</spirit:typeName>
              <spirit:viewNameRef>xilinx_vhdlsynthesis</spirit:viewNameRef>
              <spirit:viewNameRef>xilinx_vhdlbehavioralsimulation</spirit:viewNameRef>
            </spirit:wireTypeDef>
          </spirit:wireTypeDefs>
        </spirit:wire>
      </spirit:port>
      <spirit:port>
        <spirit:name>m00_axis_tstrb</spirit:name>
        <spirit:wire>
          <spirit:direction>out</spirit:direction>
          <spirit:vector>
            <spirit:left spirit:format="long" spirit:resolve="dependent" spirit:dependency="((spirit:decode(id(&apos;MODELPARAM_VALUE.C_M00_AXIS_TDATA_WIDTH&apos;)) / 8) - 1)">3</spirit:left>
            <spirit:right spirit:format="long">0</spirit:right>
          </spirit:vector>
          <spirit:wireTypeDefs>
            <spirit:wireTypeDef>
              <spirit:typeName>std_logic_vector</spirit:typeName>
              <spirit:viewNameRef>xilinx_vhdlsynthesis</spirit:viewNameRef>
              <spirit:viewNameRef>xilinx_vhdlbehavioralsimulation</spirit:viewNameRef>
            </spirit:wireTypeDef>
          </spirit:wireTypeDefs>
        </spirit:wire>
      </spirit:port>
      <spirit:port>
        <spirit:name>m00_axis_tlast</spirit:name>
        <spirit:wire>
          <spirit:direction>out</spirit:direction>
          <spirit:wireTypeDefs>
            <spirit:wireTypeDef>
              <spirit:typeName>std_logic</spirit:typeName>
              <spirit:viewNameRef>xilinx_vhdlsynthesis</spirit:viewNameRef>
              <spirit:viewNameRef>xilinx_vhdlbehavioralsimulation</spirit:viewNameRef>
            </spirit:wireTypeDef>
          </spirit:wireTypeDefs>
        </spirit:wire>
      </spirit:port>
      <spirit:port>
        <spirit:name>m00_axis_tvalid</spirit:name>
        <spirit:wire>
          <spirit:direction>out</spirit:direction>
          <spirit:wireTypeDefs>
            <spirit:wireTypeDef>
              <spirit:typeName>std_logic</spirit:typeName>
              <spirit:viewNameRef>xilinx_vhdlsynthesis</spirit:viewNameRef>
              <spirit:viewNameRef>xilinx_vhdlbehavioralsimulation</spirit:viewNameRef>
            </spirit:wireTypeDef>
          </spirit:wireTypeDefs>
        </spirit:wire>
      </spirit:port>
      <spirit:port>
        <spirit:name>m00_axis_tready</spirit:name>
        <spirit:wire>
          <spirit:direction>in</spirit:direction>
          <spirit:wireTypeDefs>
            <spirit:wireTypeDef>
              <spirit:typeName>std_logic</spirit:typeName>
              <spirit:viewNameRef>xilinx_vhdlsynthesis</spirit:viewNameRef>
              <spirit:viewNameRef>xilinx_vhdlbehavioralsimulation</spirit:viewNameRef>
            </spirit:wireTypeDef>
          </spirit:wireTypeDefs>
        </spirit:wire>
      </spirit:port>
      <spirit:port>
        <spirit:name>m00_axis_aclk</spirit:name>
        <spirit:wire>
          <spirit:direction>in</spirit:direction>
          <spirit:wireTypeDefs>
            <spirit:wireTypeDef>
              <spirit:typeName>std_logic</spirit:typeName>
              <spirit:viewNameRef>xilinx_vhdlsynthesis</spirit:viewNameRef>
              <spirit:viewNameRef>xilinx_vhdlbehavioralsimulation</spirit:viewNameRef>
            </spirit:wireTypeDef>
          </spirit:wireTypeDefs>
        </spirit:wire>
      </spirit:port>
      <spirit:port>
        <spirit:name>m00_axis_aresetn</spirit:name>
        <spirit:wire>
          <spirit:direction>in</spirit:direction>
          <spirit:wireTypeDefs>
            <spirit:wireTypeDef>
              <spirit:typeName>std_logic</spirit:typeName>
              <spirit:viewNameRef>xilinx_vhdlsynthesis</spirit:viewNameRef>
              <spirit:viewNameRef>xilinx_vhdlbehavioralsimulation</spirit:viewNameRef>
            </spirit:wireTypeDef>
          </spirit:wireTypeDefs>
        </spirit:wire>
      </spirit:port>
      <spirit:port>
        <spirit:name>s00_axis_tdata</spirit:name>
        <spirit:wire>
          <spirit:direction>in</spirit:direction>
          <spirit:vector>
            <spirit:left spirit:format="long" spirit:resolve="dependent" spirit:dependency="(spirit:decode(id(&apos;MODELPARAM_VALUE.C_S00_AXIS_TDATA_WIDTH&apos;)) - 1)">31</spirit:left>
            <spirit:right spirit:format="long">0</spirit:right>
          </spirit:vector>
          <spirit:wireTypeDefs>
            <spirit:wireTypeDef>
              <spirit:typeName>std_logic_vector</spirit:typeName>
              <spirit:viewNameRef>xilinx_vhdlsynthesis</spirit:viewNameRef>
              <spirit:viewNameRef>xilinx_vhdlbehavioralsimulation</spirit:viewNameRef>
            </spirit:wireTypeDef>
          </spirit:wireTypeDefs>
        </spirit:wire>
      </spirit:port>
      <spirit:port>
        <spirit:name>s00_axis_tstrb</spirit:name>
        <spirit:wire>
          <spirit:direction>in</spirit:direction>
          <spirit:vector>
            <spirit:left spirit:format="long" spirit:resolve="dependent" spirit:dependency="((spirit:decode(id(&apos;MODELPARAM_VALUE.C_S00_AXIS_TDATA_WIDTH&apos;)) / 8) - 1)">3</spirit:left>
            <spirit:right spirit:format="long">0</spirit:right>
          </spirit:vector>
          <spirit:wireTypeDefs>
            <spirit:wireTypeDef>
              <spirit:typeName>std_logic_vector</spirit:typeName>
              <spirit:viewNameRef>xilinx_vhdlsynthesis</spirit:viewNameRef>
              <spirit:viewNameRef>xilinx_vhdlbehavioralsimulation</spirit:viewNameRef>
            </spirit:wireTypeDef>
          </spirit:wireTypeDefs>
        </spirit:wire>
      </spirit:port>
      <spirit:port>
        <spirit:name>s00_axis_tlast</spirit:name>
        <spirit:wire>
          <spirit:direction>in</spirit:direction>
          <spirit:wireTypeDefs>
            <spirit:wireTypeDef>
              <spirit:typeName>std_logic</spirit:typeName>
              <spirit:viewNameRef>xilinx_vhdlsynthesis</spirit:viewNameRef>
              <spirit:viewNameRef>xilinx_vhdlbehavioralsimulation</spirit:viewNameRef>
            </spirit:wireTypeDef>
          </spirit:wireTypeDefs>
        </spirit:wire>
      </spirit:port>
      <spirit:port>
        <spirit:name>s00_axis_tvalid</spirit:name>
        <spirit:wire>
          <spirit:direction>in</spirit:direction>
          <spirit:wireTypeDefs>
            <spirit:wireTypeDef>
              <spirit:typeName>std_logic</spirit:typeName>
              <spirit:viewNameRef>xilinx_vhdlsynthesis</spirit:viewNameRef>
              <spirit:viewNameRef>xilinx_vhdlbehavioralsimulation</spirit:viewNameRef>
            </spirit:wireTypeDef>
          </spirit:wireTypeDefs>
        </spirit:wire>
      </spirit:port>
      <spirit:port>
        <spirit:name>s00_axis_tready</spirit:name>
        <spirit:wire>
          <spirit:direction>out</spirit:direction>
          <spirit:wireTypeDefs>
            <spirit:wireTypeDef>
              <spirit:typeName>std_logic</spirit:typeName>
              <spirit:viewNameRef>xilinx_vhdlsynthesis</spirit:viewNameRef>
              <spirit:viewNameRef>xilinx_vhdlbehavioralsimulation</spirit:viewNameRef>
            </spirit:wireTypeDef>
          </spirit:wireTypeDefs>
        </spirit:wire>
      </spirit:port>
      <spirit:port>
        <spirit:name>s00_axis_aclk</spirit:name>
        <spirit:wire>
          <spirit:direction>in</spirit:direction>
          <spirit:wireTypeDefs>
            <spirit:wireTypeDef>
              <spirit:typeName>std_logic</spirit:typeName>
              <spirit:viewNameRef>xilinx_vhdlsynthesis</spirit:viewNameRef>
              <spirit:viewNameRef>xilinx_vhdlbehavioralsimulation</spirit:viewNameRef>
            </spirit:wireTypeDef>
          </spirit:wireTypeDefs>
        </spirit:wire>
      </spirit:port>
      <spirit:port>
        <spirit:name>s00_axis_aresetn</spirit:name>
        <spirit:wire>
          <spirit:direction>in</spirit:direction>
          <spirit:wireTypeDefs>
            <spirit:wireTypeDef>
              <spirit:typeName>std_logic</spirit:typeName>
              <spirit:viewNameRef>xilinx_vhdlsynthesis</spirit:viewNameRef>
              <spirit:viewNameRef>xilinx_vhdlbehavioralsimulation</spirit:viewNameRef>
            </spirit:wireTypeDef>
          </spirit:wireTypeDefs>
        </spirit:wire>
      </spirit:port>
    </spirit:ports>
    <spirit:modelParameters>
      <spirit:modelParameter xsi:type="spirit:nameValueTypeType" spirit:dataType="integer">
        <spirit:name>C_M00_AXIS_TDATA_WIDTH</spirit:name>
        <spirit:displayName>C M00 AXIS TDATA WIDTH</spirit:displayName>
        <spirit:description>Width of S_AXIS address bus. The slave accepts the read and write addresses of width C_M_AXIS_TDATA_WIDTH.</spirit:description>
        <spirit:value spirit:format="long" spirit:resolve="generated" spirit:id="MODELPARAM_VALUE.C_M00_AXIS_TDATA_WIDTH" spirit:order="3" spirit:rangeType="long">32</spirit:value>
      </spirit:modelParameter>
      <spirit:modelParameter spirit:dataType="integer">
        <spirit:name>C_M00_AXIS_START_COUNT</spirit:name>
        <spirit:displayName>C M00 AXIS START COUNT</spirit:displayName>
        <spirit:description>Start count is the number of clock cycles the master will wait before initiating/issuing any transaction.</spirit:description>
        <spirit:value spirit:format="long" spirit:resolve="generated" spirit:id="MODELPARAM_VALUE.C_M00_AXIS_START_COUNT" spirit:order="4" spirit:minimum="1" spirit:rangeType="long">32</spirit:value>
      </spirit:modelParameter>
      <spirit:modelParameter spirit:dataType="integer">
        <spirit:name>C_S00_AXIS_TDATA_WIDTH</spirit:name>
        <spirit:displayName>C S00 AXIS TDATA WIDTH</spirit:displayName>
        <spirit:description>AXI4Stream sink: Data Width</spirit:description>
        <spirit:value spirit:format="long" spirit:resolve="generated" spirit:id="MODELPARAM_VALUE.C_S00_AXIS_TDATA_WIDTH" spirit:order="5" spirit:rangeType="long">32</spirit:value>
      </spirit:modelParameter>
    </spirit:modelParameters>
  </spirit:model>
  <spirit:choices>
    <spirit:choice>
      <spirit:name>choice_list_6fc15197</spirit:name>
      <spirit:enumeration>32</spirit:enumeration>
    </spirit:choice>
    <spirit:choice>
      <spirit:name>choice_list_9d8b0d81</spirit:name>
      <spirit:enumeration>ACTIVE_HIGH</spirit:enumeration>
      <spirit:enumeration>ACTIVE_LOW</spirit:enumeration>
    </spirit:choice>
  </spirit:choices>
  <spirit:fileSets>
    <spirit:fileSet>
      <spirit:name>xilinx_vhdlsynthesis_view_fileset</spirit:name>
      <spirit:file>
        <spirit:name>src/FILTERH.vhd</spirit:name>
        <spirit:fileType>vhdlSource</spirit:fileType>
      </spirit:file>
      <spirit:file>
        <spirit:name>src/FILTERV.vhd</spirit:name>
        <spirit:fileType>vhdlSource</spirit:fileType>
      </spirit:file>
      <spirit:file>
        <spirit:name>hdl/mynewfilter_v1_0.vhd</spirit:name>
        <spirit:fileType>vhdlSource</spirit:fileType>
        <spirit:userFileType>CHECKSUM_a1d667e1</spirit:userFileType>
      </spirit:file>
    </spirit:fileSet>
    <spirit:fileSet>
      <spirit:name>xilinx_vhdlbehavioralsimulation_view_fileset</spirit:name>
      <spirit:file>
        <spirit:name>src/FILTERH.vhd</spirit:name>
        <spirit:fileType>vhdlSource</spirit:fileType>
      </spirit:file>
      <spirit:file>
        <spirit:name>src/FILTERV.vhd</spirit:name>
        <spirit:fileType>vhdlSource</spirit:fileType>
      </spirit:file>
      <spirit:file>
        <spirit:name>hdl/mynewfilter_v1_0.vhd</spirit:name>
        <spirit:fileType>vhdlSource</spirit:fileType>
      </spirit:file>
    </spirit:fileSet>
    <spirit:fileSet>
      <spirit:name>xilinx_xpgui_view_fileset</spirit:name>
      <spirit:file>
        <spirit:name>xgui/mynewfilter_v1_0.tcl</spirit:name>
        <spirit:fileType>tclSource</spirit:fileType>
        <spirit:userFileType>CHECKSUM_9cb1b80f</spirit:userFileType>
        <spirit:userFileType>XGUI_VERSION_2</spirit:userFileType>
      </spirit:file>
    </spirit:fileSet>
    <spirit:fileSet>
      <spirit:name>bd_tcl_view_fileset</spirit:name>
      <spirit:file>
        <spirit:name>bd/bd.tcl</spirit:name>
        <spirit:fileType>tclSource</spirit:fileType>
      </spirit:file>
    </spirit:fileSet>
  </spirit:fileSets>
  <spirit:description>My new AXI IP</spirit:description>
  <spirit:parameters>
    <spirit:parameter>
      <spirit:name>C_M00_AXIS_TDATA_WIDTH</spirit:name>
      <spirit:displayName>C M00 AXIS TDATA WIDTH</spirit:displayName>
      <spirit:description>Width of S_AXIS address bus. The slave accepts the read and write addresses of width C_M_AXIS_TDATA_WIDTH.</spirit:description>
      <spirit:value spirit:format="long" spirit:resolve="user" spirit:id="PARAM_VALUE.C_M00_AXIS_TDATA_WIDTH" spirit:choiceRef="choice_list_6fc15197" spirit:order="3">32</spirit:value>
      <spirit:vendorExtensions>
        <xilinx:parameterInfo>
          <xilinx:enablement>
            <xilinx:isEnabled xilinx:id="PARAM_ENABLEMENT.C_M00_AXIS_TDATA_WIDTH">false</xilinx:isEnabled>
          </xilinx:enablement>
        </xilinx:parameterInfo>
      </spirit:vendorExtensions>
    </spirit:parameter>
    <spirit:parameter>
      <spirit:name>C_M00_AXIS_START_COUNT</spirit:name>
      <spirit:displayName>C M00 AXIS START COUNT</spirit:displayName>
      <spirit:description>Start count is the number of clock cycles the master will wait before initiating/issuing any transaction.</spirit:description>
      <spirit:value spirit:format="long" spirit:resolve="user" spirit:id="PARAM_VALUE.C_M00_AXIS_START_COUNT" spirit:order="4" spirit:minimum="1" spirit:rangeType="long">32</spirit:value>
    </spirit:parameter>
    <spirit:parameter>
      <spirit:name>C_S00_AXIS_TDATA_WIDTH</spirit:name>
      <spirit:displayName>C S00 AXIS TDATA WIDTH</spirit:displayName>
      <spirit:description>AXI4Stream sink: Data Width</spirit:description>
      <spirit:value spirit:format="long" spirit:resolve="user" spirit:id="PARAM_VALUE.C_S00_AXIS_TDATA_WIDTH" spirit:choiceRef="choice_list_6fc15197" spirit:order="5">32</spirit:value>
      <spirit:vendorExtensions>
        <xilinx:parameterInfo>
          <xilinx:enablement>
            <xilinx:isEnabled xilinx:id="PARAM_ENABLEMENT.C_S00_AXIS_TDATA_WIDTH">false</xilinx:isEnabled>
          </xilinx:enablement>
        </xilinx:parameterInfo>
      </spirit:vendorExtensions>
    </spirit:parameter>
    <spirit:parameter>
      <spirit:name>Component_Name</spirit:name>
      <spirit:value spirit:resolve="user" spirit:id="PARAM_VALUE.Component_Name" spirit:order="1">mynewfilter_v1_0</spirit:value>
    </spirit:parameter>
  </spirit:parameters>
  <spirit:vendorExtensions>
    <xilinx:coreExtensions>
      <xilinx:supportedFamilies>
        <xilinx:family xilinx:lifeCycle="Pre-Production">zynq</xilinx:family>
      </xilinx:supportedFamilies>
      <xilinx:taxonomies>
        <xilinx:taxonomy>AXI_Peripheral</xilinx:taxonomy>
      </xilinx:taxonomies>
      <xilinx:displayName>mynewfilter_v1.0</xilinx:displayName>
      <xilinx:coreRevision>7</xilinx:coreRevision>
      <xilinx:coreCreationDateTime>2024-04-22T21:11:29Z</xilinx:coreCreationDateTime>
      <xilinx:tags>
        <xilinx:tag xilinx:name="ui.data.coregen.dd@7393b28b_ARCHIVE_LOCATION">c:/Users/sheranja/ip_repo/mynewfilter_1.0</xilinx:tag>
        <xilinx:tag xilinx:name="ui.data.coregen.dd@56b747dc_ARCHIVE_LOCATION">c:/Users/sheranja/ip_repo/mynewfilter_1.0</xilinx:tag>
        <xilinx:tag xilinx:name="ui.data.coregen.dd@18051e04_ARCHIVE_LOCATION">c:/Users/sheranja/ip_repo/mynewfilter_1.0</xilinx:tag>
        <xilinx:tag xilinx:name="ui.data.coregen.dd@6688f731_ARCHIVE_LOCATION">c:/Users/sheranja/ip_repo/mynewfilter_1.0</xilinx:tag>
        <xilinx:tag xilinx:name="ui.data.coregen.dd@7e4ed40e_ARCHIVE_LOCATION">c:/Users/sheranja/ip_repo/mynewfilter_1.0</xilinx:tag>
        <xilinx:tag xilinx:name="ui.data.coregen.dd@7ad204a3_ARCHIVE_LOCATION">c:/Users/sheranja/ip_repo/mynewfilter_1.0</xilinx:tag>
        <xilinx:tag xilinx:name="ui.data.coregen.dd@318b356_ARCHIVE_LOCATION">c:/Users/sheranja/ip_repo/mynewfilter_1.0</xilinx:tag>
        <xilinx:tag xilinx:name="ui.data.coregen.dd@2ea549c8_ARCHIVE_LOCATION">c:/Users/sheranja/ip_repo/mynewfilter_1.0</xilinx:tag>
        <xilinx:tag xilinx:name="ui.data.coregen.dd@5733b210_ARCHIVE_LOCATION">c:/Users/sheranja/ip_repo/mynewfilter_1.0</xilinx:tag>
        <xilinx:tag xilinx:name="ui.data.coregen.dd@25e9af9e_ARCHIVE_LOCATION">c:/Users/sheranja/ip_repo/mynewfilter_1.0</xilinx:tag>
        <xilinx:tag xilinx:name="ui.data.coregen.dd@1d31599e_ARCHIVE_LOCATION">c:/Users/sheranja/ip_repo/mynewfilter_1.0</xilinx:tag>
        <xilinx:tag xilinx:name="ui.data.coregen.dd@5f9abcde_ARCHIVE_LOCATION">c:/Users/sheranja/ip_repo/mynewfilter_1.0</xilinx:tag>
        <xilinx:tag xilinx:name="ui.data.coregen.dd@722447f4_ARCHIVE_LOCATION">c:/Users/sheranja/ip_repo/mynewfilter_1.0</xilinx:tag>
        <xilinx:tag xilinx:name="ui.data.coregen.dd@54cdbcb9_ARCHIVE_LOCATION">c:/Users/sheranja/ip_repo/mynewfilter_1.0</xilinx:tag>
        <xilinx:tag xilinx:name="ui.data.coregen.dd@41c7a5d6_ARCHIVE_LOCATION">c:/Users/sheranja/ip_repo/mynewfilter_1.0</xilinx:tag>
        <xilinx:tag xilinx:name="ui.data.coregen.dd@563814bd_ARCHIVE_LOCATION">c:/Users/sheranja/ip_repo/mynewfilter_1.0</xilinx:tag>
        <xilinx:tag xilinx:name="ui.data.coregen.dd@4dfbbb1d_ARCHIVE_LOCATION">c:/Users/sheranja/ip_repo/mynewfilter_1.0</xilinx:tag>
        <xilinx:tag xilinx:name="ui.data.coregen.dd@67520930_ARCHIVE_LOCATION">c:/Users/sheranja/ip_repo/mynewfilter_1.0</xilinx:tag>
        <xilinx:tag xilinx:name="ui.data.coregen.dd@6f367206_ARCHIVE_LOCATION">c:/Users/sheranja/ip_repo/mynewfilter_1.0</xilinx:tag>
        <xilinx:tag xilinx:name="ui.data.coregen.dd@3ef48eb3_ARCHIVE_LOCATION">c:/Users/sheranja/ip_repo/mynewfilter_1.0</xilinx:tag>
        <xilinx:tag xilinx:name="ui.data.coregen.dd@47504a2c_ARCHIVE_LOCATION">c:/Users/sheranja/ip_repo/mynewfilter_1.0</xilinx:tag>
        <xilinx:tag xilinx:name="ui.data.coregen.dd@659eb3df_ARCHIVE_LOCATION">c:/Users/sheranja/Downloads/Lab_5/Lab_5.ipdefs/mynewfilter_1.0_0</xilinx:tag>
        <xilinx:tag xilinx:name="ui.data.coregen.dd@556170f7_ARCHIVE_LOCATION">c:/Users/sheranja/Downloads/Lab_5/Lab_5.ipdefs/mynewfilter_1.0_0</xilinx:tag>
        <xilinx:tag xilinx:name="ui.data.coregen.dd@453179e0_ARCHIVE_LOCATION">c:/Users/sheranja/Downloads/Lab_5/Lab_5.ipdefs/mynewfilter_1.0_0</xilinx:tag>
        <xilinx:tag xilinx:name="ui.data.coregen.dd@3353b736_ARCHIVE_LOCATION">c:/Users/sheranja/Downloads/Lab_5/Lab_5.ipdefs/mynewfilter_1.0_0</xilinx:tag>
        <xilinx:tag xilinx:name="ui.data.coregen.dd@50d5fdad_ARCHIVE_LOCATION">c:/Users/sheranja/Downloads/Lab_5/Lab_5.ipdefs/mynewfilter_1.0_0</xilinx:tag>
        <xilinx:tag xilinx:name="ui.data.coregen.dd@5d7b97d_ARCHIVE_LOCATION">c:/Users/sheranja/Downloads/Lab_5/Lab_5.ipdefs/mynewfilter_1.0_0</xilinx:tag>
        <xilinx:tag xilinx:name="ui.data.coregen.dd@d1436cb_ARCHIVE_LOCATION">c:/Users/sheranja/Downloads/Lab_5/Lab_5.ipdefs/mynewfilter_1.0_0</xilinx:tag>
        <xilinx:tag xilinx:name="ui.data.coregen.dd@2b81d3e0_ARCHIVE_LOCATION">c:/Users/sheranja/Downloads/Lab_5/Lab_5.ipdefs/mynewfilter_1.0_0</xilinx:tag>
        <xilinx:tag xilinx:name="ui.data.coregen.dd@51f5347b_ARCHIVE_LOCATION">c:/Users/sheranja/Downloads/Lab_5/Lab_5.ipdefs/mynewfilter_1.0_0</xilinx:tag>
        <xilinx:tag xilinx:name="ui.data.coregen.dd@dcda7aa_ARCHIVE_LOCATION">c:/Users/sheranja/Downloads/Lab_5/Lab_5.ipdefs/mynewfilter_1.0_0</xilinx:tag>
        <xilinx:tag xilinx:name="ui.data.coregen.dd@4597af29_ARCHIVE_LOCATION">c:/Users/sheranja/Downloads/Lab_5/Lab_5.ipdefs/mynewfilter_1.0_0</xilinx:tag>
        <xilinx:tag xilinx:name="ui.data.coregen.dd@24a1f827_ARCHIVE_LOCATION">c:/Users/sheranja/Downloads/Lab_5/Lab_5.ipdefs/mynewfilter_1.0_0</xilinx:tag>
        <xilinx:tag xilinx:name="ui.data.coregen.dd@79b7a40e_ARCHIVE_LOCATION">c:/Users/sheranja/Downloads/Lab_5/Lab_5.ipdefs/mynewfilter_1.0_0</xilinx:tag>
        <xilinx:tag xilinx:name="ui.data.coregen.dd@5522470_ARCHIVE_LOCATION">c:/Users/sheranja/Downloads/Lab_5/Lab_5.ipdefs/mynewfilter_1.0_0</xilinx:tag>
        <xilinx:tag xilinx:name="ui.data.coregen.dd@5ea0a856_ARCHIVE_LOCATION">c:/Users/sheranja/Downloads/Lab_5/Lab_5.ipdefs/mynewfilter_1.0_0</xilinx:tag>
        <xilinx:tag xilinx:name="ui.data.coregen.dd@5742d6b2_ARCHIVE_LOCATION">c:/Users/sheranja/Downloads/Lab_5/Lab_5.ipdefs/mynewfilter_1.0_0</xilinx:tag>
        <xilinx:tag xilinx:name="ui.data.coregen.dd@4162bf85_ARCHIVE_LOCATION">c:/Users/sheranja/Downloads/Lab_5/Lab_5.ipdefs/mynewfilter_1.0_0</xilinx:tag>
        <xilinx:tag xilinx:name="ui.data.coregen.dd@870228e_ARCHIVE_LOCATION">c:/Users/sheranja/Downloads/Lab_5/Lab_5.ipdefs/mynewfilter_1.0_0</xilinx:tag>
        <xilinx:tag xilinx:name="ui.data.coregen.dd@294bca83_ARCHIVE_LOCATION">c:/Users/sheranja/Downloads/Lab_5/Lab_5.ipdefs/mynewfilter_1.0_0</xilinx:tag>
        <xilinx:tag xilinx:name="ui.data.coregen.dd@7cb1500f_ARCHIVE_LOCATION">c:/Users/sheranja/Downloads/Lab_5/Lab_5.ipdefs/mynewfilter_1.0_0</xilinx:tag>
        <xilinx:tag xilinx:name="ui.data.coregen.dd@7f75b83d_ARCHIVE_LOCATION">c:/Users/sheranja/Downloads/Lab_5/Lab_5.ipdefs/mynewfilter_1.0_0</xilinx:tag>
        <xilinx:tag xilinx:name="ui.data.coregen.dd@2c715612_ARCHIVE_LOCATION">c:/Users/sheranja/Downloads/Lab_5/Lab_5.ipdefs/mynewfilter_1.0_0</xilinx:tag>
        <xilinx:tag xilinx:name="ui.data.coregen.dd@65c8f21d_ARCHIVE_LOCATION">c:/Users/sheranja/Downloads/Lab_5/Lab_5.ipdefs/mynewfilter_1.0_0</xilinx:tag>
        <xilinx:tag xilinx:name="ui.data.coregen.dd@6a04713e_ARCHIVE_LOCATION">c:/Users/sheranja/Downloads/Lab_5/Lab_5.ipdefs/mynewfilter_1.0_0</xilinx:tag>
        <xilinx:tag xilinx:name="ui.data.coregen.dd@1f825e09_ARCHIVE_LOCATION">c:/Users/sheranja/Downloads/final_project_sobel_xy_indi_output.xpr/final_project/final_project.ipdefs/mynewfilter_1.0_0_0_0_0</xilinx:tag>
        <xilinx:tag xilinx:name="ui.data.coregen.dd@2e64256f_ARCHIVE_LOCATION">c:/Users/sheranja/Downloads/final_project_sobel_xy_indi_output.xpr/final_project/final_project.ipdefs/mynewfilter_1.0_0_0_0_0</xilinx:tag>
        <xilinx:tag xilinx:name="ui.data.coregen.dd@253742e_ARCHIVE_LOCATION">c:/Users/sheranja/Downloads/final_project_sobel_xy_indi_output.xpr/final_project/final_project.ipdefs/mynewfilter_1.0_0_0_0_0</xilinx:tag>
        <xilinx:tag xilinx:name="ui.data.coregen.dd@69162e35_ARCHIVE_LOCATION">c:/Users/sheranja/Downloads/final_project_sobel_xy_indi_output.xpr/final_project/final_project.ipdefs/mynewfilter_1.0_0_0_0_0</xilinx:tag>
        <xilinx:tag xilinx:name="ui.data.coregen.dd@5069de08_ARCHIVE_LOCATION">c:/Users/sheranja/Downloads/final_project_sobel_xy_indi_output.xpr/final_project/final_project.ipdefs/mynewfilter_1.0_0_0_0_0</xilinx:tag>
        <xilinx:tag xilinx:name="ui.data.coregen.dd@a380f3b_ARCHIVE_LOCATION">c:/Users/sheranja/Downloads/final_project_sobel_xy_indi_output.xpr/final_project/final_project.ipdefs/mynewfilter_1.0_0_0_0_0</xilinx:tag>
        <xilinx:tag xilinx:name="ui.data.coregen.dd@4a3c3b1e_ARCHIVE_LOCATION">c:/Users/sheranja/Downloads/final_project_sobel_xy_indi_output.xpr/final_project/final_project.ipdefs/mynewfilter_1.0_0_0_0_0</xilinx:tag>
        <xilinx:tag xilinx:name="ui.data.coregen.dd@bcabc85_ARCHIVE_LOCATION">c:/Users/sheranja/Downloads/final_project_sobel_xy_indi_output.xpr/final_project/final_project.ipdefs/mynewfilter_1.0_0_0_0_0</xilinx:tag>
        <xilinx:tag xilinx:name="ui.data.coregen.dd@14d61924_ARCHIVE_LOCATION">c:/Users/sheranja/Downloads/final_project_sobel_xy_indi_output.xpr/final_project/final_project.ipdefs/mynewfilter_1.0_0_0_0_0</xilinx:tag>
        <xilinx:tag xilinx:name="ui.data.coregen.dd@e19d2da_ARCHIVE_LOCATION">c:/Users/sheranja/Downloads/final_project_sobel_xy_indi_output.xpr/final_project/final_project.ipdefs/mynewfilter_1.0_0_0_0_0</xilinx:tag>
        <xilinx:tag xilinx:name="ui.data.coregen.dd@1cf60941_ARCHIVE_LOCATION">c:/Users/sheranja/Downloads/final_project_sobel_xy_indi_output.xpr/final_project/final_project.ipdefs/mynewfilter_1.0_0_0_0_0</xilinx:tag>
        <xilinx:tag xilinx:name="ui.data.coregen.dd@75d60412_ARCHIVE_LOCATION">c:/Users/sdusane/Downloads/final_project.xpr/final_project/final_project.ipdefs/mynewfilter_1.0_0_0_0_0_0</xilinx:tag>
        <xilinx:tag xilinx:name="ui.data.coregen.dd@28351c08_ARCHIVE_LOCATION">c:/Users/sdusane/Downloads/final_project.xpr/final_project/final_project.ipdefs/mynewfilter_1.0_0_0_0_0_0</xilinx:tag>
        <xilinx:tag xilinx:name="ui.data.coregen.dd@237a3463_ARCHIVE_LOCATION">c:/Users/sdusane/Downloads/final_project.xpr/final_project/final_project.ipdefs/mynewfilter_1.0_0_0_0_0_0</xilinx:tag>
        <xilinx:tag xilinx:name="ui.data.coregen.dd@c2da3fc_ARCHIVE_LOCATION">c:/Users/sdusane/Downloads/final_project.xpr/final_project/final_project.ipdefs/mynewfilter_1.0_0_0_0_0_0</xilinx:tag>
        <xilinx:tag xilinx:name="ui.data.coregen.dd@3821f3d6_ARCHIVE_LOCATION">c:/Users/sdusane/Downloads/final_project.xpr/final_project/final_project.ipdefs/mynewfilter_1.0_0_0_0_0_0</xilinx:tag>
        <xilinx:tag xilinx:name="ui.data.coregen.dd@4a48716c_ARCHIVE_LOCATION">c:/Users/sdusane/Downloads/final_project.xpr/final_project/final_project.ipdefs/mynewfilter_1.0_0_0_0_0_0</xilinx:tag>
        <xilinx:tag xilinx:name="ui.data.coregen.dd@79cb8f25_ARCHIVE_LOCATION">c:/Users/sdusane/Downloads/final_project.xpr/final_project/final_project.ipdefs/mynewfilter_1.0_0_0_0_0_0</xilinx:tag>
        <xilinx:tag xilinx:name="ui.data.coregen.dd@29fb2a51_ARCHIVE_LOCATION">c:/Users/sdusane/Downloads/final_project.xpr/final_project/final_project.ipdefs/mynewfilter_1.0_0_0_0_0_0</xilinx:tag>
        <xilinx:tag xilinx:name="ui.data.coregen.dd@5aa491a5_ARCHIVE_LOCATION">c:/Users/sdusane/Downloads/final_project.xpr/final_project/final_project.ipdefs/mynewfilter_1.0_0_0_0_0_0</xilinx:tag>
        <xilinx:tag xilinx:name="ui.data.coregen.dd@e810dae_ARCHIVE_LOCATION">c:/Users/sdusane/Downloads/final_project.xpr/final_project/final_project.ipdefs/mynewfilter_1.0_0_0_0_0_0</xilinx:tag>
        <xilinx:tag xilinx:name="ui.data.coregen.dd@1af5583e_ARCHIVE_LOCATION">c:/Users/sdusane/Downloads/final_project.xpr/final_project/final_project.ipdefs/mynewfilter_1.0_0_0_0_0_0</xilinx:tag>
        <xilinx:tag xilinx:name="ui.data.coregen.dd@3fd1347b_ARCHIVE_LOCATION">c:/Users/sdusane/Downloads/final_project.xpr/final_project/final_project.ipdefs/mynewfilter_1.0_0_0_0_0_0</xilinx:tag>
      </xilinx:tags>
    </xilinx:coreExtensions>
    <xilinx:packagingInfo>
      <xilinx:xilinxVersion>2018.3</xilinx:xilinxVersion>
      <xilinx:checksum xilinx:scope="busInterfaces" xilinx:value="29a15928"/>
      <xilinx:checksum xilinx:scope="fileGroups" xilinx:value="d3c72bb2"/>
      <xilinx:checksum xilinx:scope="ports" xilinx:value="bbe3d85a"/>
      <xilinx:checksum xilinx:scope="hdlParameters" xilinx:value="140b9c35"/>
      <xilinx:checksum xilinx:scope="parameters" xilinx:value="5e722d1d"/>
    </xilinx:packagingInfo>
  </spirit:vendorExtensions>
</spirit:component>
